INSERT INTO `Product` (`ID`,`description`,`imgUrl`,`name`,`price`) VALUES (1,'There and back again','/assets/images/hobbit.jpg','Hobbit',100);
INSERT INTO `Product` (`ID`,`description`,`imgUrl`,`name`,`price`) VALUES (2,'This book is aaaaawesome!','/assets/images/bro-code.jpg','The Bro Code',9.99);
INSERT INTO `Product` (`ID`,`description`,`imgUrl`,`name`,`price`) VALUES (3,'Tinman goes wild','/assets/images/iron-man-3.jpg','Iron Man 3',320.90);
INSERT INTO `Product` (`ID`,`description`,`imgUrl`,`name`,`price`) VALUES (4,'By the power of Zues!','/assets/images/thor-2.jpg','Thor 2',430);
INSERT INTO `Product` (`ID`,`description`,`imgUrl`,`name`,`price`) VALUES (5,'It sucks','/assets/images/true-blood.jpg','True Blood',420);
INSERT INTO `Product` (`ID`,`description`,`imgUrl`,`name`,`price`) VALUES (6,'Wibbly wobbly timey wimey','/assets/images/doctor-who.jpg','Doctor Who',435.50);
INSERT INTO `Product` (`ID`,`description`,`imgUrl`,`name`,`price`) VALUES (7,'All men must die!','/assets/images/song-of-ice-and-fire.jpg','Game of Thrones',430);
INSERT INTO `Category` (`ID`,`icon`,`name`) VALUES (1,'fa-book','Books');
INSERT INTO `Category` (`ID`,`icon`,`name`) VALUES (2,'fa-film','Movies');
INSERT INTO `Category` (`ID`,`icon`,`name`) VALUES (3,'fa-desktop','TV-Shows');
INSERT INTO `Product_Category` (`Product_ID`,`categories_ID`) VALUES (1,1);
INSERT INTO `Product_Category` (`Product_ID`,`categories_ID`) VALUES (1,2);
INSERT INTO `Product_Category` (`Product_ID`,`categories_ID`) VALUES (2,1);
INSERT INTO `Product_Category` (`Product_ID`,`categories_ID`) VALUES (3,2);
INSERT INTO `Product_Category` (`Product_ID`,`categories_ID`) VALUES (4,2);
INSERT INTO `Product_Category` (`Product_ID`,`categories_ID`) VALUES (5,1);
INSERT INTO `Product_Category` (`Product_ID`,`categories_ID`) VALUES (5,3);
INSERT INTO `Product_Category` (`Product_ID`,`categories_ID`) VALUES (6,3);
INSERT INTO `Product_Category` (`Product_ID`,`categories_ID`) VALUES (7,1);
INSERT INTO `Product_Category` (`Product_ID`,`categories_ID`) VALUES (7,3);
INSERT INTO `User` (`email`,`firstname`,`password`,`status`,`surname`) VALUES ('user@test.com','Oscar','qwe123',0,'Rundh');
INSERT INTO `User` (`email`,`firstname`,`password`,`status`,`surname`) VALUES ('admin@test.com','Erik','qwe123',1,'Gustafson');
INSERT INTO `CartProductQuantity` (`ID`,`quantity`,`product_ID`,`user_ID`) VALUES (1,1,1,1);
INSERT INTO `CartProductQuantity` (`ID`,`quantity`,`product_ID`,`user_ID`) VALUES (2,2,3,1);
INSERT INTO `CartProductQuantity` (`ID`,`quantity`,`product_ID`,`user_ID`) VALUES (3,5,6,1);