INSERT INTO `Product` (`ID`,`description`,`imgUrl`,`name`,`price`) VALUES (1,'There and back again','hobbit.jpg','Hobbit',100);
INSERT INTO `Product` (`ID`,`description`,`imgUrl`,`name`,`price`) VALUES (2,'This book is aaaaawesome!','bro-code.jpg','The Bro Code',210);
INSERT INTO `Product` (`ID`,`description`,`imgUrl`,`name`,`price`) VALUES (3,'Tinman goes wild','iron-man-3.jpg','Iron Man 3',320);
INSERT INTO `Product` (`ID`,`description`,`imgUrl`,`name`,`price`) VALUES (4,'By the power of Zues!','thor-2.jpg','Thor 2',430);
INSERT INTO `Product` (`ID`,`description`,`imgUrl`,`name`,`price`) VALUES (5,'It sucks','true-blood.jpg','True Blood',420);
INSERT INTO `Product` (`ID`,`description`,`imgUrl`,`name`,`price`) VALUES (6,'Wibbly wobbly timey wimey','doctor-who.jpg','Doctor Who',430);
INSERT INTO `Product` (`ID`,`description`,`imgUrl`,`name`,`price`) VALUES (7,'All men must die!','song-of-ice-and-fire.jpg','Game of Thrones',430);
INSERT INTO `Category` (`ID`,`icon`,`name`) VALUES (1,'fa-book','Book');
INSERT INTO `Category` (`ID`,`icon`,`name`) VALUES (2,'fa-film','Movie');
INSERT INTO `Category` (`ID`,`icon`,`name`) VALUES (3,'fa-desktop','TV-Show');
INSERT INTO `Product_Category` (`Product_ID`,`categories_ID`) VALUES (1,1);
INSERT INTO `Product_Category` (`Product_ID`,`categories_ID`) VALUES (1,2);
INSERT INTO `Product_Category` (`Product_ID`,`categories_ID`) VALUES (2,1);
INSERT INTO `Product_Category` (`Product_ID`,`categories_ID`) VALUES (3,2);
INSERT INTO `Product_Category` (`Product_ID`,`categories_ID`) VALUES (4,2);
INSERT INTO `Product_Category` (`Product_ID`,`categories_ID`) VALUES (5,1);
INSERT INTO `Product_Category` (`Product_ID`,`categories_ID`) VALUES (5,3);
INSERT INTO `Product_Category` (`Product_ID`,`categories_ID`) VALUES (6,3);
INSERT INTO `Product_Category` (`Product_ID`,`categories_ID`) VALUES (7,1);
INSERT INTO `Product_Category` (`Product_ID`,`categories_ID`) VALUES (7,3);